{"cameraMode":{"drawMode":0,"name":"Shaded","section":"Shading Mode"},"sceneLighting":true,"audioPlay":false,"sceneViewState":{"showFog":true,"showMaterialUpdate":false,"showSkybox":false,"showFlares":true,"showImageEffects":true,"showParticleSystems":true},"in2DMode":false,"pivot":{"x":10.465633392333985,"y":2.6129379272460939,"z":-7.4883317947387699},"rotation":{"x":0.061317332088947299,"y":0.9215339422225952,"z":-0.16275376081466676,"w":0.34718403220176699},"size":137.94021606445313,"orthographic":false}