{"cameraMode":{"drawMode":0,"name":"Shaded","section":"Shading Mode"},"sceneLighting":false,"audioPlay":false,"sceneViewState":{"showFog":true,"showMaterialUpdate":false,"showSkybox":false,"showFlares":true,"showImageEffects":true,"showParticleSystems":true},"in2DMode":false,"pivot":{"x":1.3266551494598389,"y":2.3507139682769777,"z":3.477031946182251},"rotation":{"x":0.03519551455974579,"y":0.964747965335846,"z":-0.18985497951507569,"w":0.1788465827703476},"size":21.52402687072754,"orthographic":false}