{"cameraMode":{"drawMode":0,"name":"Shaded","section":"Shading Mode"},"sceneLighting":true,"audioPlay":false,"sceneViewState":{"showFog":true,"showMaterialUpdate":false,"showSkybox":true,"showFlares":true,"showImageEffects":true,"showParticleSystems":true},"in2DMode":false,"pivot":{"x":273.54888916015627,"y":-34.030914306640628,"z":-363.12017822265627},"rotation":{"x":-0.02408277615904808,"y":-0.9388753175735474,"z":0.06705755740404129,"w":-0.33689525723457339},"size":618.2108764648438,"orthographic":false}