{"cameraMode":{"drawMode":0,"name":"Shaded","section":"Shading Mode"},"sceneLighting":true,"audioPlay":false,"sceneViewState":{"showFog":true,"showMaterialUpdate":false,"showSkybox":true,"showFlares":true,"showImageEffects":true,"showParticleSystems":true},"in2DMode":false,"pivot":{"x":-176.08038330078126,"y":-102.37246704101563,"z":27.115345001220704},"rotation":{"x":-0.17628513276576997,"y":0.5814068913459778,"z":-0.1308063119649887,"w":-0.7834866046905518},"size":318.5285339355469,"orthographic":false}