{"cameraMode":{"drawMode":0,"name":"Shaded","section":"Shading Mode"},"sceneLighting":true,"audioPlay":false,"sceneViewState":{"showFog":true,"showMaterialUpdate":false,"showSkybox":true,"showFlares":true,"showImageEffects":true,"showParticleSystems":true},"in2DMode":false,"pivot":{"x":7.904201507568359,"y":25.74170684814453,"z":3.2153210639953615},"rotation":{"x":0.061991412192583087,"y":0.5728544592857361,"z":-0.043510522693395618,"w":0.8161558508872986},"size":139.94007873535157,"orthographic":false}