{"cameraMode":{"drawMode":0,"name":"Shaded","section":"Shading Mode"},"sceneLighting":true,"audioPlay":false,"sceneViewState":{"showFog":true,"showMaterialUpdate":false,"showSkybox":true,"showFlares":true,"showImageEffects":true,"showParticleSystems":true},"in2DMode":false,"pivot":{"x":24.79947280883789,"y":6.837850570678711,"z":-38.91741943359375},"rotation":{"x":-0.014793992973864079,"y":-0.976051390171051,"z":0.07020775228738785,"w":-0.20550782978534699},"size":195.56117248535157,"orthographic":false}