{"cameraMode":{"drawMode":0,"name":"Shaded","section":"Shading Mode"},"sceneLighting":true,"audioPlay":false,"sceneViewState":{"showFog":true,"showMaterialUpdate":false,"showSkybox":true,"showFlares":true,"showImageEffects":true,"showParticleSystems":true},"in2DMode":false,"pivot":{"x":103.18827056884766,"y":-27.21965789794922,"z":48.91179656982422},"rotation":{"x":-0.1571035236120224,"y":-0.41173845529556277,"z":0.07229220867156983,"w":-0.8947599530220032},"size":172.35891723632813,"orthographic":false}