{"cameraMode":{"drawMode":0,"name":"Shaded","section":"Shading Mode"},"sceneLighting":true,"audioPlay":false,"sceneViewState":{"showFog":true,"showMaterialUpdate":false,"showSkybox":true,"showFlares":true,"showImageEffects":true,"showParticleSystems":true},"in2DMode":false,"pivot":{"x":-2.5831356048583986,"y":3.8803906440734865,"z":7.09339714050293},"rotation":{"x":-0.1108965277671814,"y":0.232383593916893,"z":-0.026679752394557,"w":-0.9659138321876526},"size":31.26163101196289,"orthographic":false}