{"cameraMode":{"drawMode":0,"name":"Shaded","section":"Shading Mode"},"sceneLighting":false,"audioPlay":false,"sceneViewState":{"showFog":true,"showMaterialUpdate":false,"showSkybox":false,"showFlares":true,"showImageEffects":true,"showParticleSystems":true},"in2DMode":false,"pivot":{"x":7.897189617156982,"y":0.6196510195732117,"z":5.841582298278809},"rotation":{"x":0.13327307999134065,"y":0.21038274466991425,"z":-0.02896205522119999,"w":0.9680643677711487},"size":69.23042297363281,"orthographic":false}