{"cameraMode":{"drawMode":0,"name":"Shaded","section":"Shading Mode"},"sceneLighting":true,"audioPlay":false,"sceneViewState":{"showFog":true,"showMaterialUpdate":false,"showSkybox":false,"showFlares":true,"showImageEffects":true,"showParticleSystems":true},"in2DMode":false,"pivot":{"x":-0.34833282232284548,"y":-0.3057960271835327,"z":-0.36902111768722536},"rotation":{"x":-0.0006695619667880237,"y":0.9983001947402954,"z":-0.05777503922581673,"w":-0.011368351057171822},"size":3.0420775413513185,"orthographic":false}