{"cameraMode":{"drawMode":0,"name":"Shaded","section":"Shading Mode"},"sceneLighting":true,"audioPlay":false,"sceneViewState":{"showFog":true,"showMaterialUpdate":false,"showSkybox":false,"showFlares":true,"showImageEffects":true,"showParticleSystems":true},"in2DMode":false,"pivot":{"x":-2.311370372772217,"y":2.4483349323272707,"z":1.6823222637176514},"rotation":{"x":-0.045611511915922168,"y":0.5533940196037293,"z":-0.030345149338245393,"w":-0.8311591148376465},"size":13.25114631652832,"orthographic":false}