{"cameraMode":{"drawMode":0,"name":"Shaded","section":"Shading Mode"},"sceneLighting":true,"audioPlay":false,"sceneViewState":{"showFog":true,"showMaterialUpdate":false,"showSkybox":true,"showFlares":true,"showImageEffects":true,"showParticleSystems":true},"in2DMode":false,"pivot":{"x":8.753271102905274,"y":13.137947082519532,"z":-33.354957580566409},"rotation":{"x":-0.17628513276576997,"y":0.5814068913459778,"z":-0.1308063119649887,"w":-0.7834866046905518},"size":104.57971954345703,"orthographic":false}