{"cameraMode":{"drawMode":0,"name":"Shaded","section":"Shading Mode"},"sceneLighting":true,"audioPlay":false,"sceneViewState":{"showFog":true,"showMaterialUpdate":false,"showSkybox":true,"showFlares":true,"showImageEffects":true,"showParticleSystems":true},"in2DMode":false,"pivot":{"x":453.45989990234377,"y":16.96221923828125,"z":229.9452362060547},"rotation":{"x":-0.051787689328193668,"y":0.0009079803130589426,"z":-0.000028306136300670914,"w":-0.9986933469772339},"size":1045.6087646484375,"orthographic":false}