{"cameraMode":{"drawMode":0,"name":"Shaded","section":"Shading Mode"},"sceneLighting":false,"audioPlay":false,"sceneViewState":{"showFog":true,"showMaterialUpdate":false,"showSkybox":false,"showFlares":true,"showImageEffects":true,"showParticleSystems":true},"in2DMode":false,"pivot":{"x":-18.27974510192871,"y":9.085908889770508,"z":-7.959077835083008},"rotation":{"x":0.21431484818458558,"y":-0.2535002529621124,"z":0.05770331621170044,"w":0.9415356516838074},"size":141.23443603515626,"orthographic":false}