{"cameraMode":{"drawMode":0,"name":"Shaded","section":"Shading Mode"},"sceneLighting":false,"audioPlay":false,"sceneViewState":{"showFog":true,"showMaterialUpdate":false,"showSkybox":false,"showFlares":true,"showImageEffects":true,"showParticleSystems":true},"in2DMode":false,"pivot":{"x":2.052608013153076,"y":1.257553219795227,"z":-0.5008455514907837},"rotation":{"x":0.21431484818458558,"y":-0.2535002529621124,"z":0.05770331621170044,"w":0.9415356516838074},"size":27.943586349487306,"orthographic":false}